record_id,title,abstract
DUM-IRR-00011,Meta-analysis of interventions for mouse model study,Objective: To summarize evidence for mouse model study. We performed a systematic review and meta-analysis following PRISMA. Results: 28 studies were included. Conclusions: Evidence quality was variable.
DUM-IRR-00095,Preclinical evaluation of SARS-CoV-2 in a COVID-19 model,Background: Covid-19 is a major public health problem. Methods: In this study (n=1197) we evaluated PCR and clinical outcomes. Results: Significant associations were observed (p=0.0237). Conclusions: Further research is warranted.
DUM-IRR-00086,Breast Cancer management guidelines: an updated review,"Methods: Using a murine model (n=36), we assessed HER2 and mechanistic endpoints. Results: aromatase inhibitor altered pathway activity. Conclusions: Findings support preclinical development."
DUM-IRR-00083,Preclinical evaluation of statin in a cardiovascular disease model,Background: Cardiovascular Disease is a major public health problem. Methods: In this study (n=66) we evaluated statin and clinical outcomes. Results: Significant associations were observed (p=0.0453). Conclusions: Further research is warranted.
DUM-IRR-00041,Meta-analysis of interventions for mouse model study,Objective: To summarize evidence for mouse model study. We performed a systematic review and meta-analysis following PRISMA. Results: 15 studies were included. Conclusions: Evidence quality was variable.
DUM-IRR-00094,Preclinical evaluation of statin in a cardiovascular disease model,"Methods: Using a murine model (n=22), we assessed statin and mechanistic endpoints. Results: angiography altered pathway activity. Conclusions: Findings support preclinical development."
DUM-IRR-00064,Type 2 Diabetes management guidelines: an updated review,Objective: To summarize evidence for type 2 diabetes. We performed a systematic review and meta-analysis following PRISMA. Results: 30 studies were included. Conclusions: Evidence quality was variable.
DUM-IRR-00035,Association of vaccine with outcomes in COVID-19,Objective: To summarize evidence for COVID-19. We performed a systematic review and meta-analysis following PRISMA. Results: 14 studies were included. Conclusions: Evidence quality was variable.
DUM-IRR-00026,Systematic Review management guidelines: an updated review,Background: Systematic Review is a major public health problem. Methods: In this study (n=131) we evaluated PRISMA and clinical outcomes. Results: Significant associations were observed (p=0.0222). Conclusions: Further research is warranted.
DUM-IRR-00049,Effects of cell line on biomarkers in mouse model study: a cohort study,Background: Mouse Model Study is a major public health problem. Methods: In this study (n=486) we evaluated knockout and clinical outcomes. Results: Significant associations were observed (p=0.0018). Conclusions: Further research is warranted.
DUM-IRR-00028,Meta-analysis of interventions for type 2 diabetes,Objective: To summarize evidence for type 2 diabetes. We performed a systematic review and meta-analysis following PRISMA. Results: 40 studies were included. Conclusions: Evidence quality was variable.
DUM-IRR-00071,Meta-analysis of interventions for Alzheimer disease,Objective: To summarize evidence for Alzheimer disease. We performed a systematic review and meta-analysis following PRISMA. Results: 42 studies were included. Conclusions: Evidence quality was variable.
DUM-IRR-00085,Preclinical evaluation of meta-analysis in a systematic review model,Background: Systematic Review is a major public health problem. Methods: In this study (n=1925) we evaluated network meta-analysis and clinical outcomes. Results: Significant associations were observed (p=0.0228). Conclusions: Further research is warranted.
DUM-IRR-00013,Association of cognitive decline with outcomes in Alzheimer disease,Background: Alzheimer Disease is a major public health problem. Methods: In this study (n=1572) we evaluated tau and clinical outcomes. Results: Significant associations were observed (p=0.0083). Conclusions: Further research is warranted.
DUM-CLL-00008,zanubrutinib versus bendamustine-rituximab in patients with CLL: a multicenter study,Background: Chronic lymphocytic leukemia (CLL) remains incurable. Methods: We conducted a multicenter study in patients with CLL. Participants (n=228) were assigned to receive zanubrutinib or bendamustine-rituximab. The primary endpoint was progression-free survival. Results: progression-free survival was improved with zanubrutinib (HR 0.72; 95% CI 0.62 to 0.98; p=0.0478). Conclusions: zanubrutinib improved progression-free survival compared with bendamustine-rituximab.
DUM-IRR-00078,Effects of PCR on biomarkers in COVID-19: a cohort study,Background: Covid-19 is a major public health problem. Methods: In this study (n=871) we evaluated SARS-CoV-2 and clinical outcomes. Results: Significant associations were observed (p=0.01). Conclusions: Further research is warranted.
DUM-IRR-00088,Covid-19 management guidelines: an updated review,Background: Covid-19 is a major public health problem. Methods: In this study (n=1494) we evaluated variant and clinical outcomes. Results: Significant associations were observed (p=0.0134). Conclusions: Further research is warranted.
DUM-CLL-00001,venetoclax plus obinutuzumab versus chlorambucil plus obinutuzumab in patients with CLL: a randomized controlled trial,Background: Frontline therapy for CLL has evolved. Methods: We conducted a randomized controlled trial in patients with CLL. Participants (n=767) were assigned to receive venetoclax plus obinutuzumab or chlorambucil plus obinutuzumab. The primary endpoint was progression-free survival. Results: progression-free survival was improved with venetoclax plus obinutuzumab (HR 0.56; 95% CI 0.44 to 0.72; p=0.0237). Conclusions: venetoclax plus obinutuzumab improved progression-free survival compared with chlorambucil plus obinutuzumab.
DUM-IRR-00080,Meta-analysis of interventions for mouse model study,Background: Mouse Model Study is a major public health problem. Methods: In this study (n=102) we evaluated cell line and clinical outcomes. Results: Significant associations were observed (p=0.0344). Conclusions: Further research is warranted.
DUM-CLL-00013,acalabrutinib versus placebo in del(17p) or TP53 mutation: a phase 3 trial,Background: Chronic lymphocytic leukemia (CLL) remains incurable. Methods: We conducted a phase 3 trial in del(17p) or TP53 mutation. Participants (n=237) were assigned to receive acalabrutinib or placebo. The primary endpoint was progression-free survival. Results: progression-free survival was improved with acalabrutinib (HR 0.5; 95% CI 0.43 to 0.59; p=0.0319). Conclusions: acalabrutinib improved progression-free survival compared with placebo.
DUM-IRR-00043,Breast Cancer management guidelines: an updated review,Objective: To summarize evidence for breast cancer. We performed a systematic review and meta-analysis following PRISMA. Results: 23 studies were included. Conclusions: Evidence quality was variable.
DUM-IRR-00067,Effects of variant on biomarkers in COVID-19: a cohort study,Objective: To summarize evidence for COVID-19. We performed a systematic review and meta-analysis following PRISMA. Results: 24 studies were included. Conclusions: Evidence quality was variable.
DUM-IRR-00054,Association of myocardial infarction with outcomes in cardiovascular disease,"Methods: Using a murine model (n=32), we assessed statin and mechanistic endpoints. Results: myocardial infarction altered pathway activity. Conclusions: Findings support preclinical development."
DUM-IRR-00068,Meta-analysis of interventions for type 2 diabetes,Background: Type 2 Diabetes is a major public health problem. Methods: In this study (n=842) we evaluated insulin and clinical outcomes. Results: Significant associations were observed (p=0.015). Conclusions: Further research is warranted.
DUM-IRR-00089,Breast Cancer management guidelines: an updated review,"Methods: Using a murine model (n=21), we assessed aromatase inhibitor and mechanistic endpoints. Results: aromatase inhibitor altered pathway activity. Conclusions: Findings support preclinical development."
DUM-CLL-00004,zanubrutinib versus chemoimmunotherapy in high-risk cytogenetics: a multicenter study,Background: Chronic lymphocytic leukemia (CLL) remains incurable. Methods: We conducted a multicenter study in high-risk cytogenetics. Participants (n=460) were assigned to receive zanubrutinib or chemoimmunotherapy. The primary endpoint was progression-free survival. Results: progression-free survival was improved with zanubrutinib (HR 0.65; 95% CI 0.57 to 0.8; p=0.0023). Conclusions: zanubrutinib improved progression-free survival compared with chemoimmunotherapy.
DUM-IRR-00045,Association of in vivo with outcomes in mouse model study,Background: Mouse Model Study is a major public health problem. Methods: In this study (n=371) we evaluated murine and clinical outcomes. Results: Significant associations were observed (p=0.0037). Conclusions: Further research is warranted.
DUM-IRR-00074,Preclinical evaluation of network meta-analysis in a systematic review model,Background: Systematic Review is a major public health problem. Methods: In this study (n=378) we evaluated PRISMA and clinical outcomes. Results: Significant associations were observed (p=0.0435). Conclusions: Further research is warranted.
DUM-IRR-00039,Meta-analysis of interventions for breast cancer,"Methods: Using a murine model (n=18), we assessed metastatic and mechanistic endpoints. Results: tamoxifen altered pathway activity. Conclusions: Findings support preclinical development."
DUM-IRR-00092,Preclinical evaluation of amyloid in a Alzheimer disease model,Objective: To summarize evidence for Alzheimer disease. We performed a systematic review and meta-analysis following PRISMA. Results: 32 studies were included. Conclusions: Evidence quality was variable.
DUM-IRR-00019,Effects of statin on biomarkers in cardiovascular disease: a cohort study,Background: Cardiovascular Disease is a major public health problem. Methods: In this study (n=1758) we evaluated angiography and clinical outcomes. Results: Significant associations were observed (p=0.023). Conclusions: Further research is warranted.
DUM-IRR-00042,Association of preclinical with outcomes in mouse model study,Background: Mouse Model Study is a major public health problem. Methods: In this study (n=237) we evaluated knockout and clinical outcomes. Results: Significant associations were observed (p=0.0289). Conclusions: Further research is warranted.
DUM-IRR-00022,Meta-analysis of interventions for systematic review,Objective: To summarize evidence for systematic review. We performed a systematic review and meta-analysis following PRISMA. Results: 39 studies were included. Conclusions: Evidence quality was variable.
DUM-CLL-00018,zanubrutinib versus bendamustine-rituximab in treatment-naive patients: a double-blind trial,Background: Frontline therapy for CLL has evolved. Methods: We conducted a double-blind trial in treatment-naive patients. Participants (n=753) were assigned to receive zanubrutinib or bendamustine-rituximab. The primary endpoint was response rate. Results: response rate was improved with zanubrutinib (HR 0.72; 95% CI 0.64 to 0.87; p=0.0226). Conclusions: zanubrutinib improved response rate compared with bendamustine-rituximab.
DUM-IRR-00020,Effects of network meta-analysis on biomarkers in systematic review: a cohort study,Objective: To summarize evidence for systematic review. We performed a systematic review and meta-analysis following PRISMA. Results: 27 studies were included. Conclusions: Evidence quality was variable.
DUM-IRR-00036,Meta-analysis of interventions for systematic review,Objective: To summarize evidence for systematic review. We performed a systematic review and meta-analysis following PRISMA. Results: 32 studies were included. Conclusions: Evidence quality was variable.
DUM-IRR-00009,Effects of GLP-1 on biomarkers in type 2 diabetes: a cohort study,"Methods: Using a murine model (n=43), we assessed insulin and mechanistic endpoints. Results: metformin altered pathway activity. Conclusions: Findings support preclinical development."
DUM-IRR-00065,Association of metformin with outcomes in type 2 diabetes,"Methods: Using a murine model (n=19), we assessed GLP-1 and mechanistic endpoints. Results: metformin altered pathway activity. Conclusions: Findings support preclinical development."
DUM-IRR-00091,Association of HbA1c with outcomes in type 2 diabetes,"Methods: Using a murine model (n=41), we assessed GLP-1 and mechanistic endpoints. Results: metformin altered pathway activity. Conclusions: Findings support preclinical development."
DUM-CLL-00014,ibrutinib versus chlorambucil plus obinutuzumab in del(17p) or TP53 mutation: a double-blind trial,Background: Chronic lymphocytic leukemia (CLL) remains incurable. Methods: We conducted a double-blind trial in del(17p) or TP53 mutation. Participants (n=633) were assigned to receive ibrutinib or chlorambucil plus obinutuzumab. The primary endpoint was response rate. Results: response rate was improved with ibrutinib (HR 0.69; 95% CI 0.52 to 0.99; p=0.041). Conclusions: ibrutinib improved response rate compared with chlorambucil plus obinutuzumab.
DUM-IRR-00005,Meta-analysis of interventions for mouse model study,Objective: To summarize evidence for mouse model study. We performed a systematic review and meta-analysis following PRISMA. Results: 44 studies were included. Conclusions: Evidence quality was variable.
DUM-CLL-00021,ibrutinib versus chlorambucil plus obinutuzumab in patients with CLL: a double-blind trial,Background: Frontline therapy for CLL has evolved. Methods: We conducted a double-blind trial in patients with CLL. Participants (n=126) were assigned to receive ibrutinib or chlorambucil plus obinutuzumab. The primary endpoint was time to next treatment. Results: time to next treatment was improved with ibrutinib (HR 0.51; 95% CI 0.33 to 0.65; p=0.0078). Conclusions: ibrutinib improved time to next treatment compared with chlorambucil plus obinutuzumab.
DUM-IRR-00084,Covid-19 management guidelines: an updated review,Objective: To summarize evidence for COVID-19. We performed a systematic review and meta-analysis following PRISMA. Results: 33 studies were included. Conclusions: Evidence quality was variable.
DUM-IRR-00079,Meta-analysis of interventions for Alzheimer disease,Background: Alzheimer Disease is a major public health problem. Methods: In this study (n=284) we evaluated tau and clinical outcomes. Results: Significant associations were observed (p=0.0185). Conclusions: Further research is warranted.
DUM-IRR-00029,Preclinical evaluation of HER2 in a breast cancer model,Background: Breast Cancer is a major public health problem. Methods: In this study (n=196) we evaluated aromatase inhibitor and clinical outcomes. Results: Significant associations were observed (p=0.0157). Conclusions: Further research is warranted.
DUM-IRR-00040,Preclinical evaluation of SARS-CoV-2 in a COVID-19 model,"Methods: Using a murine model (n=39), we assessed vaccine and mechanistic endpoints. Results: SARS-CoV-2 altered pathway activity. Conclusions: Findings support preclinical development."
DUM-IRR-00016,Preclinical evaluation of vaccine in a COVID-19 model,Background: Covid-19 is a major public health problem. Methods: In this study (n=836) we evaluated variant and clinical outcomes. Results: Significant associations were observed (p=0.0101). Conclusions: Further research is warranted.
DUM-IRR-00051,Meta-analysis of interventions for Alzheimer disease,Background: Alzheimer Disease is a major public health problem. Methods: In this study (n=1519) we evaluated cognitive decline and clinical outcomes. Results: Significant associations were observed (p=0.0228). Conclusions: Further research is warranted.
DUM-IRR-00087,Meta-analysis of interventions for COVID-19,Background: Covid-19 is a major public health problem. Methods: In this study (n=1766) we evaluated SARS-CoV-2 and clinical outcomes. Results: Significant associations were observed (p=0.0039). Conclusions: Further research is warranted.
DUM-IRR-00044,Association of cognitive decline with outcomes in Alzheimer disease,Objective: To summarize evidence for Alzheimer disease. We performed a systematic review and meta-analysis following PRISMA. Results: 23 studies were included. Conclusions: Evidence quality was variable.
DUM-CLL-00023,venetoclax plus obinutuzumab versus chemoimmunotherapy in high-risk cytogenetics: a randomized controlled trial,Background: Chronic lymphocytic leukemia (CLL) remains incurable. Methods: We conducted a randomized controlled trial in high-risk cytogenetics. Participants (n=514) were assigned to receive venetoclax plus obinutuzumab or chemoimmunotherapy. The primary endpoint was time to next treatment. Results: time to next treatment was improved with venetoclax plus obinutuzumab (HR 0.59; 95% CI 0.44 to 0.79; p=0.0183). Conclusions: venetoclax plus obinutuzumab improved time to next treatment compared with chemoimmunotherapy.
DUM-IRR-00030,Association of blood pressure with outcomes in cardiovascular disease,"Methods: Using a murine model (n=25), we assessed statin and mechanistic endpoints. Results: statin altered pathway activity. Conclusions: Findings support preclinical development."
DUM-IRR-00063,Effects of PRISMA on biomarkers in systematic review: a cohort study,Background: Systematic Review is a major public health problem. Methods: In this study (n=868) we evaluated PRISMA and clinical outcomes. Results: Significant associations were observed (p=0.0217). Conclusions: Further research is warranted.
DUM-IRR-00081,Meta-analysis of interventions for COVID-19,Background: Covid-19 is a major public health problem. Methods: In this study (n=1865) we evaluated variant and clinical outcomes. Results: Significant associations were observed (p=0.0419). Conclusions: Further research is warranted.
DUM-IRR-00072,Preclinical evaluation of vaccine in a COVID-19 model,Objective: To summarize evidence for COVID-19. We performed a systematic review and meta-analysis following PRISMA. Results: 20 studies were included. Conclusions: Evidence quality was variable.
DUM-IRR-00047,Meta-analysis of interventions for COVID-19,Objective: To summarize evidence for COVID-19. We performed a systematic review and meta-analysis following PRISMA. Results: 34 studies were included. Conclusions: Evidence quality was variable.
DUM-IRR-00050,Preclinical evaluation of preclinical in a mouse model study model,"Methods: Using a murine model (n=32), we assessed preclinical and mechanistic endpoints. Results: in vivo altered pathway activity. Conclusions: Findings support preclinical development."
DUM-CLL-00017,ibrutinib versus placebo in treatment-naive patients: a multicenter study,Background: Frontline therapy for CLL has evolved. Methods: We conducted a multicenter study in treatment-naive patients. Participants (n=396) were assigned to receive ibrutinib or placebo. The primary endpoint was overall survival. Results: overall survival was improved with ibrutinib (HR 0.76; 95% CI 0.65 to 0.98; p=0.0138). Conclusions: ibrutinib improved overall survival compared with placebo.
DUM-IRR-00070,Preclinical evaluation of preclinical in a mouse model study model,Background: Mouse Model Study is a major public health problem. Methods: In this study (n=1377) we evaluated cell line and clinical outcomes. Results: Significant associations were observed (p=0.0193). Conclusions: Further research is warranted.
DUM-IRR-00000,Association of PCR with outcomes in COVID-19,Objective: To summarize evidence for COVID-19. We performed a systematic review and meta-analysis following PRISMA. Results: 8 studies were included. Conclusions: Evidence quality was variable.
DUM-IRR-00032,Association of HER2 with outcomes in breast cancer,"Methods: Using a murine model (n=25), we assessed HER2 and mechanistic endpoints. Results: HER2 altered pathway activity. Conclusions: Findings support preclinical development."
DUM-IRR-00004,Association of amyloid with outcomes in Alzheimer disease,Objective: To summarize evidence for Alzheimer disease. We performed a systematic review and meta-analysis following PRISMA. Results: 22 studies were included. Conclusions: Evidence quality was variable.
DUM-IRR-00007,Meta-analysis of interventions for COVID-19,Background: Covid-19 is a major public health problem. Methods: In this study (n=250) we evaluated vaccine and clinical outcomes. Results: Significant associations were observed (p=0.0492). Conclusions: Further research is warranted.
DUM-IRR-00001,Preclinical evaluation of blood pressure in a cardiovascular disease model,Objective: To summarize evidence for cardiovascular disease. We performed a systematic review and meta-analysis following PRISMA. Results: 12 studies were included. Conclusions: Evidence quality was variable.
DUM-IRR-00023,Meta-analysis of interventions for mouse model study,"Methods: Using a murine model (n=42), we assessed knockout and mechanistic endpoints. Results: in vivo altered pathway activity. Conclusions: Findings support preclinical development."
DUM-CLL-00012,zanubrutinib versus placebo in older patients: a multicenter study,Background: Frontline therapy for CLL has evolved. Methods: We conducted a multicenter study in older patients. Participants (n=224) were assigned to receive zanubrutinib or placebo. The primary endpoint was progression-free survival. Results: progression-free survival was improved with zanubrutinib (HR 0.74; 95% CI 0.56 to 0.94; p=0.0252). Conclusions: zanubrutinib improved progression-free survival compared with placebo.
DUM-IRR-00021,Preclinical evaluation of knockout in a mouse model study model,Background: Mouse Model Study is a major public health problem. Methods: In this study (n=1067) we evaluated in vivo and clinical outcomes. Results: Significant associations were observed (p=0.0472). Conclusions: Further research is warranted.
DUM-IRR-00073,Effects of aromatase inhibitor on biomarkers in breast cancer: a cohort study,Background: Breast Cancer is a major public health problem. Methods: In this study (n=446) we evaluated metastatic and clinical outcomes. Results: Significant associations were observed (p=0.0208). Conclusions: Further research is warranted.
DUM-IRR-00015,Preclinical evaluation of cognitive decline in a Alzheimer disease model,Objective: To summarize evidence for Alzheimer disease. We performed a systematic review and meta-analysis following PRISMA. Results: 29 studies were included. Conclusions: Evidence quality was variable.
DUM-IRR-00031,Effects of knockout on biomarkers in mouse model study: a cohort study,"Methods: Using a murine model (n=52), we assessed murine and mechanistic endpoints. Results: cell line altered pathway activity. Conclusions: Findings support preclinical development."
DUM-IRR-00038,Alzheimer Disease management guidelines: an updated review,Objective: To summarize evidence for Alzheimer disease. We performed a systematic review and meta-analysis following PRISMA. Results: 8 studies were included. Conclusions: Evidence quality was variable.
DUM-IRR-00014,Effects of HER2 on biomarkers in breast cancer: a cohort study,"Methods: Using a murine model (n=26), we assessed aromatase inhibitor and mechanistic endpoints. Results: HER2 altered pathway activity. Conclusions: Findings support preclinical development."
DUM-CLL-00015,zanubrutinib versus chlorambucil plus obinutuzumab in high-risk cytogenetics: a double-blind trial,Background: Chronic lymphocytic leukemia (CLL) remains incurable. Methods: We conducted a double-blind trial in high-risk cytogenetics. Participants (n=387) were assigned to receive zanubrutinib or chlorambucil plus obinutuzumab. The primary endpoint was response rate. Results: response rate was improved with zanubrutinib (HR 0.58; 95% CI 0.46 to 0.77; p=0.0023). Conclusions: zanubrutinib improved response rate compared with chlorambucil plus obinutuzumab.
DUM-CLL-00019,ibrutinib versus placebo in del(17p) or TP53 mutation: a multicenter study,Background: Chronic lymphocytic leukemia (CLL) remains incurable. Methods: We conducted a multicenter study in del(17p) or TP53 mutation. Participants (n=160) were assigned to receive ibrutinib or placebo. The primary endpoint was overall survival. Results: overall survival was improved with ibrutinib (HR 0.64; 95% CI 0.54 to 0.84; p=0.0186). Conclusions: ibrutinib improved overall survival compared with placebo.
DUM-IRR-00075,Meta-analysis of interventions for cardiovascular disease,Background: Cardiovascular Disease is a major public health problem. Methods: In this study (n=670) we evaluated blood pressure and clinical outcomes. Results: Significant associations were observed (p=0.0377). Conclusions: Further research is warranted.
DUM-IRR-00057,Effects of GLP-1 on biomarkers in type 2 diabetes: a cohort study,Objective: To summarize evidence for type 2 diabetes. We performed a systematic review and meta-analysis following PRISMA. Results: 38 studies were included. Conclusions: Evidence quality was variable.
DUM-IRR-00025,Mouse Model Study management guidelines: an updated review,Background: Mouse Model Study is a major public health problem. Methods: In this study (n=810) we evaluated preclinical and clinical outcomes. Results: Significant associations were observed (p=0.0182). Conclusions: Further research is warranted.
DUM-CLL-00020,acalabrutinib versus chemoimmunotherapy in older patients: a phase 3 trial,Background: Frontline therapy for CLL has evolved. Methods: We conducted a phase 3 trial in older patients. Participants (n=237) were assigned to receive acalabrutinib or chemoimmunotherapy. The primary endpoint was response rate. Results: response rate was improved with acalabrutinib (HR 0.77; 95% CI 0.62 to 0.91; p=0.0084). Conclusions: acalabrutinib improved response rate compared with chemoimmunotherapy.
DUM-IRR-00002,Association of metastatic with outcomes in breast cancer,Background: Breast Cancer is a major public health problem. Methods: In this study (n=1417) we evaluated HER2 and clinical outcomes. Results: Significant associations were observed (p=0.0253). Conclusions: Further research is warranted.
DUM-CLL-00002,acalabrutinib versus FCR in older patients: a double-blind trial,Background: Chronic lymphocytic leukemia (CLL) remains incurable. Methods: We conducted a double-blind trial in older patients. Participants (n=543) were assigned to receive acalabrutinib or FCR. The primary endpoint was response rate. Results: response rate was improved with acalabrutinib (HR 0.66; 95% CI 0.54 to 0.83; p=0.0296). Conclusions: acalabrutinib improved response rate compared with FCR.
DUM-IRR-00062,Preclinical evaluation of GLP-1 in a type 2 diabetes model,"Methods: Using a murine model (n=27), we assessed GLP-1 and mechanistic endpoints. Results: HbA1c altered pathway activity. Conclusions: Findings support preclinical development."
DUM-IRR-00061,Cardiovascular Disease management guidelines: an updated review,Objective: To summarize evidence for cardiovascular disease. We performed a systematic review and meta-analysis following PRISMA. Results: 26 studies were included. Conclusions: Evidence quality was variable.
DUM-IRR-00006,Effects of meta-analysis on biomarkers in systematic review: a cohort study,Background: Systematic Review is a major public health problem. Methods: In this study (n=1942) we evaluated network meta-analysis and clinical outcomes. Results: Significant associations were observed (p=0.0238). Conclusions: Further research is warranted.
DUM-CLL-00022,acalabrutinib versus bendamustine-rituximab in del(17p) or TP53 mutation: a randomized controlled trial,Background: Chronic lymphocytic leukemia (CLL) remains incurable. Methods: We conducted a randomized controlled trial in del(17p) or TP53 mutation. Participants (n=321) were assigned to receive acalabrutinib or bendamustine-rituximab. The primary endpoint was time to next treatment. Results: time to next treatment was improved with acalabrutinib (HR 0.74; 95% CI 0.59 to 0.88; p=0.0037). Conclusions: acalabrutinib improved time to next treatment compared with bendamustine-rituximab.
DUM-IRR-00008,Type 2 Diabetes management guidelines: an updated review,Objective: To summarize evidence for type 2 diabetes. We performed a systematic review and meta-analysis following PRISMA. Results: 39 studies were included. Conclusions: Evidence quality was variable.
DUM-IRR-00027,Meta-analysis of interventions for systematic review,Objective: To summarize evidence for systematic review. We performed a systematic review and meta-analysis following PRISMA. Results: 16 studies were included. Conclusions: Evidence quality was variable.
DUM-CLL-00011,venetoclax plus obinutuzumab versus chemoimmunotherapy in older patients: a phase 3 trial,Background: Frontline therapy for CLL has evolved. Methods: We conducted a phase 3 trial in older patients. Participants (n=531) were assigned to receive venetoclax plus obinutuzumab or chemoimmunotherapy. The primary endpoint was progression-free survival. Results: progression-free survival was improved with venetoclax plus obinutuzumab (HR 0.7; 95% CI 0.51 to 0.85; p=0.0161). Conclusions: venetoclax plus obinutuzumab improved progression-free survival compared with chemoimmunotherapy.
DUM-IRR-00024,Type 2 Diabetes management guidelines: an updated review,Objective: To summarize evidence for type 2 diabetes. We performed a systematic review and meta-analysis following PRISMA. Results: 34 studies were included. Conclusions: Evidence quality was variable.
DUM-IRR-00053,Association of PCR with outcomes in COVID-19,"Methods: Using a murine model (n=24), we assessed vaccine and mechanistic endpoints. Results: vaccine altered pathway activity. Conclusions: Findings support preclinical development."
DUM-IRR-00046,Meta-analysis of interventions for cardiovascular disease,Objective: To summarize evidence for cardiovascular disease. We performed a systematic review and meta-analysis following PRISMA. Results: 10 studies were included. Conclusions: Evidence quality was variable.
DUM-CLL-00009,ibrutinib versus chemoimmunotherapy in patients with CLL: a randomized controlled trial,Background: Chronic lymphocytic leukemia (CLL) remains incurable. Methods: We conducted a randomized controlled trial in patients with CLL. Participants (n=572) were assigned to receive ibrutinib or chemoimmunotherapy. The primary endpoint was progression-free survival. Results: progression-free survival was improved with ibrutinib (HR 0.45; 95% CI 0.3 to 0.51; p=0.013). Conclusions: ibrutinib improved progression-free survival compared with chemoimmunotherapy.
DUM-CLL-00007,venetoclax plus obinutuzumab versus bendamustine-rituximab in treatment-naive patients: a double-blind trial,Background: Frontline therapy for CLL has evolved. Methods: We conducted a double-blind trial in treatment-naive patients. Participants (n=246) were assigned to receive venetoclax plus obinutuzumab or bendamustine-rituximab. The primary endpoint was response rate. Results: response rate was improved with venetoclax plus obinutuzumab (HR 0.57; 95% CI 0.46 to 0.73; p=0.0206). Conclusions: venetoclax plus obinutuzumab improved response rate compared with bendamustine-rituximab.
DUM-IRR-00077,Meta-analysis of interventions for breast cancer,Objective: To summarize evidence for breast cancer. We performed a systematic review and meta-analysis following PRISMA. Results: 28 studies were included. Conclusions: Evidence quality was variable.
DUM-IRR-00012,Meta-analysis of interventions for mouse model study,Objective: To summarize evidence for mouse model study. We performed a systematic review and meta-analysis following PRISMA. Results: 18 studies were included. Conclusions: Evidence quality was variable.
DUM-IRR-00058,Meta-analysis of interventions for breast cancer,Objective: To summarize evidence for breast cancer. We performed a systematic review and meta-analysis following PRISMA. Results: 39 studies were included. Conclusions: Evidence quality was variable.
DUM-CLL-00006,zanubrutinib versus bendamustine-rituximab in high-risk cytogenetics: a randomized controlled trial,Background: Frontline therapy for CLL has evolved. Methods: We conducted a randomized controlled trial in high-risk cytogenetics. Participants (n=302) were assigned to receive zanubrutinib or bendamustine-rituximab. The primary endpoint was progression-free survival. Results: progression-free survival was improved with zanubrutinib (HR 0.84; 95% CI 0.72 to 1.07; p=0.0496). Conclusions: zanubrutinib improved progression-free survival compared with bendamustine-rituximab.
DUM-IRR-00003,Alzheimer Disease management guidelines: an updated review,Objective: To summarize evidence for Alzheimer disease. We performed a systematic review and meta-analysis following PRISMA. Results: 34 studies were included. Conclusions: Evidence quality was variable.
DUM-CLL-00016,zanubrutinib versus bendamustine-rituximab in patients with CLL: a phase 3 trial,Background: Frontline therapy for CLL has evolved. Methods: We conducted a phase 3 trial in patients with CLL. Participants (n=693) were assigned to receive zanubrutinib or bendamustine-rituximab. The primary endpoint was overall survival. Results: overall survival was improved with zanubrutinib (HR 0.7; 95% CI 0.6 to 0.93; p=0.0326). Conclusions: zanubrutinib improved overall survival compared with bendamustine-rituximab.
DUM-IRR-00048,Preclinical evaluation of dementia in a Alzheimer disease model,Background: Alzheimer Disease is a major public health problem. Methods: In this study (n=1638) we evaluated dementia and clinical outcomes. Results: Significant associations were observed (p=0.0421). Conclusions: Further research is warranted.
DUM-IRR-00076,Preclinical evaluation of murine in a mouse model study model,"Methods: Using a murine model (n=12), we assessed knockout and mechanistic endpoints. Results: knockout altered pathway activity. Conclusions: Findings support preclinical development."
DUM-IRR-00069,Preclinical evaluation of aromatase inhibitor in a breast cancer model,Objective: To summarize evidence for breast cancer. We performed a systematic review and meta-analysis following PRISMA. Results: 24 studies were included. Conclusions: Evidence quality was variable.
DUM-IRR-00017,Meta-analysis of interventions for mouse model study,Objective: To summarize evidence for mouse model study. We performed a systematic review and meta-analysis following PRISMA. Results: 43 studies were included. Conclusions: Evidence quality was variable.
DUM-IRR-00033,Association of amyloid with outcomes in Alzheimer disease,Background: Alzheimer Disease is a major public health problem. Methods: In this study (n=243) we evaluated cognitive decline and clinical outcomes. Results: Significant associations were observed (p=0.0167). Conclusions: Further research is warranted.
DUM-IRR-00055,Breast Cancer management guidelines: an updated review,Objective: To summarize evidence for breast cancer. We performed a systematic review and meta-analysis following PRISMA. Results: 38 studies were included. Conclusions: Evidence quality was variable.
DUM-IRR-00059,Cardiovascular Disease management guidelines: an updated review,Objective: To summarize evidence for cardiovascular disease. We performed a systematic review and meta-analysis following PRISMA. Results: 15 studies were included. Conclusions: Evidence quality was variable.
DUM-CLL-00005,ibrutinib versus FCR in older patients: a phase 3 trial,Background: Chronic lymphocytic leukemia (CLL) remains incurable. Methods: We conducted a phase 3 trial in older patients. Participants (n=463) were assigned to receive ibrutinib or FCR. The primary endpoint was progression-free survival. Results: progression-free survival was improved with ibrutinib (HR 0.49; 95% CI 0.35 to 0.57; p=0.0173). Conclusions: ibrutinib improved progression-free survival compared with FCR.
DUM-IRR-00018,Association of PRISMA with outcomes in systematic review,Objective: To summarize evidence for systematic review. We performed a systematic review and meta-analysis following PRISMA. Results: 41 studies were included. Conclusions: Evidence quality was variable.
DUM-CLL-00000,ibrutinib versus bendamustine-rituximab in treatment-naive patients: a randomized controlled trial,Background: Frontline therapy for CLL has evolved. Methods: We conducted a randomized controlled trial in treatment-naive patients. Participants (n=381) were assigned to receive ibrutinib or bendamustine-rituximab. The primary endpoint was time to next treatment. Results: time to next treatment was improved with ibrutinib (HR 0.85; 95% CI 0.8 to 0.91; p=0.0302). Conclusions: ibrutinib improved time to next treatment compared with bendamustine-rituximab.
DUM-IRR-00090,Cardiovascular Disease management guidelines: an updated review,Background: Cardiovascular Disease is a major public health problem. Methods: In this study (n=769) we evaluated angiography and clinical outcomes. Results: Significant associations were observed (p=0.0151). Conclusions: Further research is warranted.
DUM-IRR-00052,Cardiovascular Disease management guidelines: an updated review,Background: Cardiovascular Disease is a major public health problem. Methods: In this study (n=1637) we evaluated myocardial infarction and clinical outcomes. Results: Significant associations were observed (p=0.0319). Conclusions: Further research is warranted.
DUM-IRR-00010,Effects of metastatic on biomarkers in breast cancer: a cohort study,Background: Breast Cancer is a major public health problem. Methods: In this study (n=1927) we evaluated metastatic and clinical outcomes. Results: Significant associations were observed (p=0.0124). Conclusions: Further research is warranted.
DUM-IRR-00056,Preclinical evaluation of myocardial infarction in a cardiovascular disease model,Objective: To summarize evidence for cardiovascular disease. We performed a systematic review and meta-analysis following PRISMA. Results: 18 studies were included. Conclusions: Evidence quality was variable.
DUM-IRR-00093,Association of meta-analysis with outcomes in systematic review,Background: Systematic Review is a major public health problem. Methods: In this study (n=1287) we evaluated meta-analysis and clinical outcomes. Results: Significant associations were observed (p=0.0077). Conclusions: Further research is warranted.
DUM-IRR-00037,Effects of insulin on biomarkers in type 2 diabetes: a cohort study,Objective: To summarize evidence for type 2 diabetes. We performed a systematic review and meta-analysis following PRISMA. Results: 15 studies were included. Conclusions: Evidence quality was variable.
DUM-IRR-00060,Meta-analysis of interventions for type 2 diabetes,"Methods: Using a murine model (n=37), we assessed metformin and mechanistic endpoints. Results: HbA1c altered pathway activity. Conclusions: Findings support preclinical development."
DUM-IRR-00066,Association of cell line with outcomes in mouse model study,Background: Mouse Model Study is a major public health problem. Methods: In this study (n=72) we evaluated knockout and clinical outcomes. Results: Significant associations were observed (p=0.0128). Conclusions: Further research is warranted.
DUM-IRR-00082,Mouse Model Study management guidelines: an updated review,Objective: To summarize evidence for mouse model study. We performed a systematic review and meta-analysis following PRISMA. Results: 10 studies were included. Conclusions: Evidence quality was variable.
DUM-IRR-00034,Association of statin with outcomes in cardiovascular disease,"Methods: Using a murine model (n=59), we assessed statin and mechanistic endpoints. Results: blood pressure altered pathway activity. Conclusions: Findings support preclinical development."
DUM-CLL-00010,zanubrutinib versus placebo in patients with CLL: a phase 3 trial,Background: Chronic lymphocytic leukemia (CLL) remains incurable. Methods: We conducted a phase 3 trial in patients with CLL. Participants (n=777) were assigned to receive zanubrutinib or placebo. The primary endpoint was response rate. Results: response rate was improved with zanubrutinib (HR 0.5; 95% CI 0.39 to 0.66; p=0.0185). Conclusions: zanubrutinib improved response rate compared with placebo.
DUM-CLL-00003,venetoclax plus obinutuzumab versus chlorambucil plus obinutuzumab in del(17p) or TP53 mutation: a double-blind trial,Background: Chronic lymphocytic leukemia (CLL) remains incurable. Methods: We conducted a double-blind trial in del(17p) or TP53 mutation. Participants (n=168) were assigned to receive venetoclax plus obinutuzumab or chlorambucil plus obinutuzumab. The primary endpoint was progression-free survival. Results: progression-free survival was improved with venetoclax plus obinutuzumab (HR 0.45; 95% CI 0.37 to 0.51; p=0.0055). Conclusions: venetoclax plus obinutuzumab improved progression-free survival compared with chlorambucil plus obinutuzumab.
